{"cameraMode":{"drawMode":0,"name":"Shaded","section":"Shading Mode"},"sceneLighting":true,"audioPlay":false,"sceneViewState":{"showFog":true,"showMaterialUpdate":false,"showSkybox":true,"showFlares":true,"showImageEffects":true,"showParticleSystems":true},"in2DMode":false,"pivot":{"x":-0.2203962653875351,"y":1.122532844543457,"z":0.1614122986793518},"rotation":{"x":0.26761582493782046,"y":0.0017082995036616922,"z":-0.0005576224648393691,"w":0.9635549187660217},"size":0.332701712846756,"orthographic":false}