{"cameraMode":{"drawMode":0,"name":"Shaded","section":"Shading Mode"},"sceneLighting":true,"audioPlay":false,"sceneViewState":{"showFog":true,"showMaterialUpdate":false,"showSkybox":true,"showFlares":true,"showImageEffects":true,"showParticleSystems":true},"in2DMode":false,"pivot":{"x":-0.45568037033081057,"y":-0.6929274797439575,"z":4.0302581787109379},"rotation":{"x":0.22253549098968507,"y":-0.004117140080779791,"z":0.0008595910621806979,"w":0.9749428629875183},"size":2.5525317192077638,"orthographic":false}